{ "_id" : "Female", "avgheight" : 166.81260913705583, "avgweight" : 70.11331573604062 }
{ "_id" : "Male", "avgheight" : 166.73636381990713, "avgweight" : 70.00861296184131 }
